Condition,N_samples,ASV_score_mean,ASV_accept_rate,CM_confidence_mean,CM_detect_rate
ADV,14,0.3348571428571429,0.6428571428571429,0.953142857142857,0.14285714285714285
SOTA,16,0.6906875,1.0,1.0,0.0
